94.2035398230089;68.3716814159292;22.8141592920354
90.2830188679245;67.3962264150943;24.0440251572327
78.2440476190476;64.6904761904762;29.1130952380952
77.5875706214689;65.7570621468927;37.0395480225989
75.0925110132159;63.9867841409692;23.3832599118943
85.1259842519685;63.7637795275591;22.0157480314961
92.1627906976744;58.0232558139535;22.0232558139535
95.9795918367347;60.030612244898;24,00
96.5280898876404;53.2134831460674;19.2247191011236
96.0588235294118;46.843137254902;23.8169934640523
92.0597014925373;51.5671641791045;24.3283582089552
83.3503649635037;59.021897810219;27.7445255474453
76.7019230769231;54.2596153846154;27.7932692307692
86.7841726618705;49.4172661870504;30.2158273381295
96.2537313432836;38.4328358208955;27.3432835820896
86.8532608695652;42.2445652173913;31.2880434782609
96.0642201834862;31.4128440366972;29.348623853211
65.46735395189;60.5223367697594;30.6494845360825
69.5659340659341;50.5879120879121;29.5769230769231
68.4739583333333;46.5052083333333;34.6041666666667
73.3529411764706;43.3122171945701;36.3529411764706
96.7297297297297;32.1081081081081;32.2567567567568
100.434523809524;28.1904761904762;40.9761904761905
99.1176470588235;37.156862745098;41.7058823529412
102.455782312925;34.2244897959184;32.7006802721088
103.345238095238;38.8095238095238;24.4583333333333
101.638888888889;45.6064814814815;32.875
98.6987951807229;48.3192771084337;38.6506024096386
102.526315789474;57.0105263157895;27.9157894736842
103.986486486486;47.6216216216216;21.8108108108108
101.620689655172;51.8620689655172;22.0632183908046
103.473684210526;21671,00;18.780701754386
103.28;67.25;44401,00
101.490322580645;67.4967741935484;21.2967741935484
77.3276836158192;63.3728813559322;44.0225988700565
67.9871794871795;55.9871794871795;34.8888888888889
69.668449197861;66.0267379679144;43.8930481283422
61.3146551724138;69.1896551724138;41.25
59.8181818181818;60.0545454545455;40.1772727272727
64.6037037037037;52.8074074074074;39.5148148148148
67.9202657807309;61.8604651162791;51.1661129568106
61.0970464135021;68.6708860759494;50.2405063291139
62.4491017964072;79.0239520958084;52.9640718562874
59.9057971014493;78.2898550724638;45.8695652173913
69.0518134715026;80.0518134715026;42.8549222797927
75.4244604316547;81.3812949640288;47.5971223021583
64.8943661971831;83.8591549295775;37.0281690140845
59.1931818181818;81.5625;40.5227272727273
63.5947712418301;87.3071895424837;51.8529411764706
67.9424083769634;86.6701570680628;60.2670157068063
71.4355828220859;93.5889570552147;60.9877300613497
74.468085106383;77.5744680851064;69.3063829787234
65.1151079136691;77.4352517985612;59.4604316546763
65.9317073170732;80.3365853658537;70.1268292682927
73.1734693877551;67.5714285714286;69.2959183673469
81.9756097560976;69.650406504065;74.6016260162602
83.7325581395349;65.5930232558139;67.0058139534884
79.8442211055276;59.9949748743719;62.929648241206
71.6360294117647;65.3308823529412;63.8492647058824
71.2828947368421;71.8026315789474;58.7335526315789
77.3940397350993;55.976821192053;57.476821192053
78.5977859778598;47.5424354243542;65.0627306273063
87.0378378378378;52.5027027027027;62.8432432432432
88.0877192982456;55.0789473684211;70.6140350877193
91.5614035087719;45.8157894736842;68.3859649122807
86.7260726072607;42.970297029703;56.5841584158416
70.3603238866397;47.8502024291498;53.9028340080972
69.6687697160883;52.5394321766561;49.0788643533123
74.9411764705882;40.6078431372549;46.1686274509804
80.3430420711974;47.9870550161812;50.0744336569579
89.4492753623188;37.6135265700483;63.7584541062802
86.0816326530612;35.1887755102041;52.1224489795918
84.4238683127572;40.6296296296296;39.156378600823
74.887323943662;35.1830985915493;36.8075117370892
83.3235294117647;32.9058823529412;36.1941176470588
90.2992125984252;28.7952755905512;34.2834645669291
92.7987804878049;31.5182926829268;41.4573170731707
86.7473684210526;34.7368421052632;45.9421052631579
94.8953488372093;29.3779069767442;49.8197674418605
99.6801470588235;37.1948529411765;51.5992647058824
96.8343195266272;45.0532544378698;47.9585798816568
95.1608040201005;53.7236180904523;55.5879396984925
100.261061946903;46.358407079646;61.5619469026549
96.2451612903226;32.4903225806452;58.5483870967742
99.5579710144928;38.463768115942;64.2536231884058
101.043859649123;42.8508771929825;72.0350877192982
95.4074074074074;42.9703703703704;69.8814814814815
100.289473684211;49.8092105263158;75.25
99.8651685393258;57.2191011235955;67.9887640449438
94.7741935483871;65.2096774193548;62.3333333333333
99.4029850746269;65.5298507462687;71.955223880597
96.1980198019802;53.8811881188119;78.3168316831683
87.1656804733728;55.8047337278106;75.0473372781065
87.9447513812155;66.7182320441989;72.8839779005525
92.0180722891566;63.4397590361446;79.9638554216867
99.317880794702;59.5695364238411;78.5761589403973
100.647058823529;65.0367647058823;83.0955882352941
98.1685393258427;27150,00;69.685393258427
97.3443708609272;83.3112582781457;68.7019867549669
101.441025641026;76.8358974358974;78.748717948718
101.769230769231;74.9038461538462;87.2115384615385
96.9406779661017;72.7457627118644;85.3220338983051
93.1708860759494;75.4873417721519;76.8607594936709
94.945945945946;82.6689189189189;82.3716216216216
99.6434108527132;85.6434108527132;88,00
100.3961352657;88.8695652173913;76.8309178743961
96.2312138728324;94.8959537572254;66.6011560693642
97.9036144578313;96.6325301204819;75.5240963855422
100.697841726619;93.6474820143885;86.8201438848921
91.8289473684211;90.6776315789474;82.9671052631579
89.4406779661017;90.5141242937853;73.4350282485876
86.9262295081967;104.303278688525;76.4426229508197
89.0566037735849;99.6792452830189;81.6415094339623
92.671875;96.6640625;88.9296875
99.3892617449664;101.369127516779;90.2147651006711
100.935064935065;103.883116883117;80.5649350649351
95.5977011494253;107.683908045977;73.2988505747126
99.6212121212121;110,00;88.7348484848485
93.3733333333333;103.84;90.64
94.3821138211382;108.50406504065;85.650406504065
79.3428571428571;105.321428571429;29342,00
74.0443349753695;99.6009852216749;78.8669950738916
77.7098765432099;96.7716049382716;82.8086419753086
82.6681034482759;91.625;77.1379310344828
73.5619834710744;90.0619834710744;76.5454545454545
71.5176470588235;100.541176470588;71.3647058823529
77.2684563758389;98.0939597315436;61.4093959731544
77.1497005988024;90.2874251497006;67.7125748502994
78.4519230769231;81.2019230769231;71.0865384615385
79.3474178403756;79.6901408450704;81.5211267605634
85.4074074074074;80.026455026455;76.5661375661376
69.9824561403509;94.9824561403509;45.640350877193
64.7764705882353;92.0470588235294;39.9529411764706
57.4905660377358;89.2547169811321;34.8584905660377
59.9705882352941;91.0647058823529;43.9647058823529
53.3355263157895;90.4868421052632;40.75
54.3846153846154;96.3846153846154;39.5726495726496
53.972602739726;96.2054794520548;52.986301369863
53.4420289855072;89.3333333333333;53.5797101449275
60.5397727272727;94.0511363636364;57.9772727272727
66.25;100.55625;59.0875
61.4308943089431;100.211382113821;64.4308943089431
54.1024096385542;98.9036144578313;60.6987951807229
62.3680555555556;105.618055555556;56.8125
76.4423076923077;118.528846153846;65.3461538461538
71.7125;112.45625;23833,00
64.5285714285714;107.685714285714;67.1285714285714
59.3265306122449;100.925170068027;70.5986394557823
64.8260869565217;105.086956521739;76.8695652173913
69.0502793296089;109.312849162011;74.731843575419
80.1719457013575;112.180995475113;77.1764705882353
70.7899159663866;113.428571428571;78.9327731092437
74.2105263157895;117.126315789474;76.8421052631579
75.8909090909091;122.927272727273;72.3909090909091
81.9272727272727;125.345454545455;73.3545454545455
73.2371134020619;124.247422680412;80.4226804123711
74.6323529411765;120.911764705882;86.0294117647059
86.241610738255;114.161073825503;84.6107382550336
86.2571428571429;108.619047619048;82.9047619047619
84.92;120.331428571429;84.3485714285714
82.2207792207792;126.467532467532;85.1168831168831
87.018691588785;125.158878504673;79.2710280373832
93.672268907563;128.478991596639;83.6470588235294
88.7378640776699;123.563106796117;91.4757281553398
95.2844036697248;117.266055045872;87.8715596330275
97.4662162162162;125.959459459459;91.972972972973
101.157894736842;131.833333333333;83.3859649122807
104.064;140.144;80.304
104.614285714286;131.1;79.7571428571429
99.4887640449438;122.662921348315;84.1067415730337
101.992805755396;117.467625899281;90.3165467625899
101.169642857143;118.178571428571;73.3705357142857
99.8888888888889;129.656565656566;74.7575757575758
101.709677419355;135.784946236559;71.7634408602151
96.4146341463415;142.024390243902;78.7317073170732
92.4305555555556;138.694444444444;68.3958333333333
35855,00;127.476923076923;68.9461538461538
94.9172413793103;117.268965517241;66.4068965517241
91.4453781512605;129.042016806723;61.2857142857143
103.076388888889;59.0138888888889;36.2152777777778
100.452991452991;52.1452991452991;43.8034188034188
101.491228070175;59.9181286549708;48.7309941520468
100.676829268293;54.0731707317073;51.530487804878
101.40782122905;71.2290502793296;52.4301675977654
101.032520325203;63.5691056910569;59.0243902439024
101.576923076923;71.4294871794872;59.8205128205128
101.331838565022;78.7578475336323;62.2107623318386
101.24375;88.41875;55.825
101.424657534247;90.958904109589;61.513698630137
101.8;100.393333333333;64.7066666666667
101.53125;104.51875;56.99375
100.035874439462;109.062780269058;65.8968609865471
99.4294478527607;116.61963190184;59.5950920245399
101.754098360656;113.073770491803;53.5737704918033
101.612068965517;120.120689655172;52.7155172413793
100.480392156863;124.441176470588;49.5980392156863
100.909090909091;129.245989304813;59.4491978609626
95.9150326797386;125.411764705882;59.1437908496732
100.805970149254;131.335820895522;49.3582089552239
100.7;137.318181818182;17015,00
100.691666666667;139.841666666667;49.6583333333333
101.211382113821;140.60162601626;36.7886178861789
97.6436781609195;138.459770114943;26.0459770114943
91.4770642201835;133.660550458716;20.5871559633028
67.1812080536913;102.610738255034;43.9060402684564
62.1273885350318;106.152866242038;45.3184713375796
53.3717948717949;102.487179487179;41.2692307692308
48.2553191489362;99.2872340425532;40.5851063829787
47.5345911949686;104.85534591195;46.062893081761
54.5988700564972;102.25988700565;49.9717514124294
50.3689839572192;108.310160427807;52.8609625668449
52.4907975460123;110.184049079755;60.4110429447853
60.0526315789474;110.745614035088;58.4035087719298
65.0722891566265;115.44578313253;64.0722891566265
57.5389221556886;113.532934131737;66.7964071856287
63.4285714285714;118.214285714286;59.6388888888889
60.9339622641509;121.452830188679;69.0094339622642
70.2021276595745;118.744680851064;64.5957446808511
61.0193548387097;121.890322580645;73.1612903225806
70.0677966101695;126.474576271186;72.3728813559322
64.4259259259259;125.87962962963;77.2222222222222
66.1793103448276;128.641379310345;70.0344827586207
75.6283783783784;129.939189189189;66.0945945945946
68.6413793103448;133.331034482759;79.5931034482759
75.0746268656716;134.268656716418;79.4626865671642
79.527027027027;130.310810810811;74.945945945946
80.0301204819277;136.819277108434;84.3614457831325
79.9424083769634;134.65445026178;73.5811518324607
87.972027972028;136.832167832168;80.2727272727273
88.4895833333333;134.4375;88.6458333333333
86.9009900990099;132.09900990099;80.0594059405941
96.8695652173913;136.504347826087;83.1130434782609
95.4270833333333;137.34375;90.59375
102,00;138.798387096774;89.1612903225806
73.0181818181818;135.533333333333;62.4848484848485
66.9782608695652;141.565217391304;62.1485507246377
68.3191489361702;131.515957446808;59.6010638297872
61.9557522123894;123.823008849558;57.8407079646018
59.2866242038217;134.127388535032;66.6624203821656
61.1872791519435;142.734982332155;65.243816254417
59.9618320610687;142.954198473282;53.7099236641221
53.4117647058824;135.558823529412;54.3823529411765
53.9419642857143;125.830357142857;61.53125
53.8283582089552;121.365671641791;48.6007462686567
53.5214285714286;126.65;53.7285714285714
55.0067567567568;135.891891891892;45.5844594594595
51.9642857142857;136.558441558442;37.0876623376623
54.7258064516129;128.827956989247;40.0645161290323
62.887323943662;131.253521126761;47.2746478873239
62.9166666666667;125.425;45.9583333333333
53.2626262626263;113.323232323232;45.4292929292929
60.5238095238095;115.075396825397;42.9761904761905
69.6814159292035;116.597345132743;42.787610619469
73.3291139240506;126.79746835443;41.5696202531646
75.5035714285714;139.664285714286;67.9178571428571
81.7630331753554;146.374407582938;60.5071090047393
76.1123595505618;146.191011235955;71.3670411985019
85.4885496183206;144.782442748092;74.8931297709924
94.0086956521739;143.695652173913;85.9130434782609
94.4890510948905;151.350364963504;87.2773722627737
91.5576036866359;153.89400921659;76.1797235023041
83.66;152.07;80.605
75.4262295081967;152.846994535519;73.9071038251366
82.7121212121212;160.09595959596;71.6212121212121
88.8974358974359;162.323076923077;73.8820512820513
95.3349514563107;162.373786407767;76.2621359223301
101.581497797357;163.770925110132;65.4625550660793
92.9033613445378;159.785714285714;63.6470588235294
86.0214285714286;155.560714285714;63.325
82.4577777777778;159.786666666667;57.72
91.9897435897436;168.753846153846;62.4051282051282
92.8598484848485;171.875;56.8636363636364
94.3299492385787;175.279187817259;50.7258883248731
86.7542372881356;173.28813559322;51.8474576271186
86.4859813084112;165.551401869159;55,00
82.9732142857143;162.598214285714;45.2857142857143
85.7866666666667;174.306666666667;44.1333333333333
90.5092592592593;181.462962962963;45.8981481481481
93.6046511627907;176.302325581395;46.2790697674419
35886,00;180.386666666667;40.52
99.0040322580645;178.064516129032;32.1048387096774
85.2903225806452;169.587096774194;35.0451612903226
83.4649122807018;166.833333333333;39.4035087719298
73.4684014869889;146.851301115242;54.360594795539
74.377990430622;155.612440191388;60.1578947368421
66.0474137931034;155.51724137931;61.7586206896552
62.3145161290323;156,00;55.1370967741936
63.3139534883721;148.191860465116;51.0988372093023
58.4064516129032;150.303225806452;45.9290322580645
65.6994219653179;145.450867052023;43.4913294797688
64.962962962963;155.203703703704;46.0246913580247
23559,00;161.808333333333;56.125
73.6835443037975;168.575949367089;60.1962025316456
74.0406976744186;164,00;60.4767441860465
80.1818181818182;167.074380165289;55.8595041322314
75.8675496688742;172.298013245033;52.6225165562914
71.9858156028369;163.531914893617;51.3971631205674
64.3080568720379;159.450236966825;45.6919431279621
71.4246575342466;156.538812785388;39.9315068493151
61.8701298701299;152.006493506494;38.0519480519481
64.7764227642276;139.471544715447;36.1951219512195
56.2960725075529;146.398791540786;31.3776435045317
64.1710526315789;148.991228070175;29.75
65.7159904534606;157.973747016706;31.6420047732697
26177,00;168.803703703704;31.962962962963
67.788679245283;169.981132075472;40.0150943396226
73.0330882352941;170.823529411765;43.9669117647059
77.6772151898734;166.360759493671;45.7405063291139
77.5666666666667;177.229166666667;34.5541666666667
91.4601226993865;168.496932515337;39.7546012269939
85.0416666666667;157.486111111111;37.3125
84.1333333333333;149.781818181818;30.3212121212121
88.1910828025478;144.210191082803;30.4649681528662
96.5541401273885;145.216560509554;33.3566878980892
91.5114155251142;150.141552511416;40.2009132420091
92.4861660079051;160.533596837945;42.3399209486166
100.165;155.75;39.885
101.971698113208;147.820754716981;36.0943396226415
99.8818181818182;147.009090909091;45.4545454545455
101.211320754717;155.875471698113;47.9358490566038
94.4142259414226;160.36820083682;49.0836820083682
97.3714285714286;154.542857142857;55.3551020408163
100.700564971751;156.25988700565;67.7175141242938
102.395833333333;150.666666666667;69.65625
102.029288702929;149.163179916318;59.9330543933054
96.0426829268293;143.682926829268;53.4085365853659
97.1666666666667;140.762820512821;59.974358974359
101.288235294118;138.1;62.6588235294118
94.1818181818182;144.461038961039;69.5454545454545
100.798969072165;147.603092783505;74.0515463917526
97.7628865979381;152.865979381443;79.4484536082474
95.8130841121495;148.906542056075;85.3644859813084
90.7354838709677;154.116129032258;44315,00
100.102564102564;155.564102564103;30.9059829059829
34731,00;166.693333333333;34.58
101.061728395062;170.987654320988;40.2530864197531
102.980891719745;163.732484076433;30.5987261146497
100.826732673267;170.450495049505;28.3564356435644
98.6748971193416;175.847736625514;22.1646090534979
98.2207207207207;182.130630630631;19.981981981982
89.3980099502488;154.860696517413;24.6268656716418
94.0126582278481;161.803797468354;23.6835443037975
100.550200803213;160.714859437751;25.4497991967871
96.7372881355932;171.377118644068;20.1228813559322
95.5754716981132;168.240566037736;16.188679245283
97.9858156028369;175.794326241135;10.177304964539
93.3832335329341;180.497005988024;15.6946107784431
92.4710743801653;184.454545454545;12.3801652892562
91.8897959183673;181.34693877551;32.330612244898
92.1832061068702;186.603053435115;25.4656488549618
86.8629032258064;187.358870967742;19.1895161290323
90.3706293706294;186.657342657343;13.979020979021
86.3083333333333;185.3;10.3416666666667
74.6132596685083;176.39226519337;15.3646408839779
81.5797872340426;177.510638297872;21.3882978723404
84.5028901734104;184.456647398844;28.4624277456647
83.2222222222222;174.283333333333;12451,00
80.8827586206897;174.758620689655;26.3103448275862
74.4086021505376;171.989247311828;24.0752688172043
69.2765957446808;173.758865248227;19.7943262411348
71.5506329113924;174.854430379747;6.5253164556962
76.4311926605505;182.642201834862;10.8073394495413
81.8129032258065;178.954838709677;11.8516129032258
78.8240740740741;170.449074074074;6.63888888888889
70.3553719008264;167.719008264463;7.39669421487603
64.6833333333333;170.683333333333;12.225
62.1322751322751;164.555555555556;24.8201058201058
67.368;171.408;29.28
67.4261363636364;155.5;22.5909090909091
65.8855421686747;163.572289156627;19.6807228915663
64.8524590163934;167.245901639344;16.1885245901639
82.2857142857143;180.308270676692;4.87218045112782
90.2685714285714;179.4;3.32571428571429
83.3349282296651;177.966507177033;3.88995215311005
87.1016393442623;164.354098360656;7.91803278688525
90.7391304347826;170.008695652174;7.01304347826087
98.644;173.8;6.028
101.367768595041;161.223140495868;16.1570247933884
95.9563492063492;163.623015873016;14.4761904761905
91.2654545454545;157.563636363636;12.3636363636364
85.671875;149.55859375;11.3515625
92.2058823529412;148.132352941176;15.7745098039216
34486,00;147.16;19.6742857142857
96.2537313432836;153.218905472637;21.4278606965174
83.1298701298701;145.038961038961;21.0454545454545
88.6509433962264;138.481132075472;17.6981132075472
92.3763440860215;137,00;15.505376344086
84.4564315352697;138.132780082988;12.6348547717842
69.7177914110429;163.693251533742;4.02453987730061
78.3658536585366;160.439024390244;8.76219512195122
78.6470588235294;153.159663865546;5.30252100840336
70.9297297297297;155.67027027027;4.70810810810811
72.6339285714286;152.486607142857;13.8928571428571
71.79296875;142.6484375;7.546875
77.7131782945736;140.713178294574;6.66666666666667
77.7619047619048;143.434523809524;12.2797619047619
76.4203821656051;130.261146496815;11.9171974522293
78.4285714285714;129.598214285714;6.85714285714286
71.1815856777494;130.299232736573;6.34271099744246
77.4222222222222;122.562962962963;5.18518518518519
73.9942857142857;116.851428571429;4.65142857142857
71.4471544715447;109.512195121951;3.86991869918699
73.1692307692308;98.1538461538462;2.35384615384615
75.4285714285714;93.1428571428571;1,00
29342,00;87,00;1,00
90.7241379310345;130.379310344828;14.9137931034483
81.1764705882353;124.852941176471;12.6544117647059
87.7177419354839;121.766129032258;11.4677419354839
78.2235294117647;113.788235294118;8.95294117647059
86.2295081967213;110.762295081967;6.64754098360656
79.2336448598131;105.289719626168;3.26168224299065
85.2152777777778;89.8125;3.90972222222222
86.6666666666667;98.9411764705882;2.82352941176471
84.625;80.25;1,00
80.7191011235955;78.8089887640449;4.40449438202247
80.5660377358491;70.9245283018868;3.86792452830189
77.7391304347826;78.3260869565217;1.41304347826087
-3,00;;
66.4807692307692;91.6153846153846;1.73076923076923
59.4814814814815;93.1851851851852;1.44444444444444
66.9787234042553;101.68085106383;2.19148936170213
57.6129032258064;102.430107526882;1.64516129032258
56.3137254901961;96.8235294117647;2.40196078431373
55.6576576576577;106.495495495495;3.87387387387387
64.2202380952381;110.660714285714;3.08333333333333
56.0460526315789;115.217105263158;3.69736842105263
63.6204379562044;120.667883211679;6.95255474452555
54.0735930735931;124.818181818182;4.05627705627706
59.3905109489051;133.240875912409;5.66788321167883
67.25;141.852564102564;12.8717948717949
61.607250755287;145.972809667674;7.98791540785498
63.472972972973;154.818918918919;13.6432432432432
56.2488687782805;149.504524886878;21.3484162895928
54.8225806451613;141.747311827957;16.9865591397849
49.5292096219931;135.436426116838;17.1374570446735
54.5384615384615;127.367521367521;11.9401709401709
46.7990196078431;121.921568627451;15.6323529411765
48.0472440944882;112.157480314961;16.0708661417323
56.3550724637681;115.695652173913;17.4565217391304
62.5428571428571;113.942857142857;16.2928571428571
60.1954887218045;101.751879699248;11.6917293233083
50.687898089172;100.331210191083;9.38216560509554
49.1717791411043;108.01226993865;11.1226993865031
51.1702127659574;114.393617021277;7.05851063829787
57.7042253521127;96.2582159624413;6.84037558685446
54.8571428571429;87.484126984127;7.8968253968254
61.3674698795181;89.3493975903614;8.25301204819277
61.8536585365854;83.8536585365854;1.8780487804878
59.8840579710145;86.8695652173913;2.34782608695652
69.5333333333333;87.5333333333333;1,00
27242,00;72,00;1.36666666666667
59.4860335195531;124.201117318436;18.9385474860335
52.4331210191083;133.15923566879;23.5477707006369
60.8223684210526;132.473684210526;23.5131578947368
65.7040816326531;131.086734693878;27.9897959183673
55.1483253588517;123.813397129187;27.9952153110048
55.2886597938144;133.613402061856;32.1958762886598
46.5828220858896;125.650306748466;32.7852760736196
57.3006134969325;123.846625766871;34.5950920245399
68.6376811594203;125.528985507246;35.3188405797101
62.2752808988764;117.848314606742;32.2865168539326
48.4311377245509;118.035928143713;29.6826347305389
57.4709302325581;117.325581395349;24.8720930232558
47.2660098522167;108.024630541872;31.4926108374384
53.5342465753425;107.132420091324;29.4748858447489
53.9621621621622;107.794594594595;24.3243243243243
64.6390977443609;111.924812030075;21.4586466165414
64.0810810810811;102.513513513514;16.4504504504505
57.1619047619048;99.7619047619048;18.752380952381
52.0090909090909;92.5090909090909;20.8545454545455
55.3427230046948;97.1971830985916;23.830985915493
59.9166666666667;93.0681818181818;22.1590909090909
66.1636363636364;104.921212121212;22.6727272727273
59.2330827067669;81.6842105263158;21.7593984962406
56.3275862068966;85.316091954023;22.132183908046
63.1557788944724;89.7638190954774;14.4673366834171
67.758389261745;79.6375838926175;7.03691275167785
62.2055555555556;76.2944444444445;17.1888888888889
66.0243902439024;89.9837398373984;16.5691056910569
72.2585034013605;78.3945578231292;11.3197278911565
67.4864864864865;72.804054054054;12.1148648648649
74.8461538461538;69.6568047337278;8.44378698224852
61.0663507109005;104.526066350711;30.0710900473934
68.2110091743119;113.339449541284;31.6697247706422
72.9545454545455;119.329545454545;33.4545454545455
78.4513274336283;117.380530973451;34.646017699115
75.6095890410959;113.890410958904;42.6164383561644
75.051094890511;106.416058394161;39.8613138686131
73.0777777777778;105.5;32.5666666666667
73.3291139240506;112.658227848101;26.4556962025316
73.4464285714286;100.482142857143;26.0892857142857
72.0243902439024;96.0569105691057;35.0813008130081
75.0945945945946;100.567567567568;42.5405405405405
78.1118421052632;91.1973684210526;43.9407894736842
81.3551401869159;75.8598130841121;45.2803738317757
77.5034965034965;82.1818181818182;38.958041958042
72.4088669950739;84.5812807881773;30.1330049261084
26330,00;93.4857142857143;18.1428571428571
73.6410256410256;86.2136752136752;20.5470085470085
80.3191489361702;75.5425531914894;25.2127659574468
76.6223776223776;73.6223776223776;33.3776223776224
97.0745444505798;112.546383213694;32.0699889563777
96.1969658659924;86.114791403287;41.8551201011378
83.9577380057151;89.6955933223041;31.5370732440969
89.6798196166854;95.3669673055242;29.3303269447576
100.215349369989;79.4662084765177;27.9129438717068
82.2895776991887;109.853754940711;13.7285209070106
85.9110070257611;92.4355971896956;13.5269320843091
125.125683060109;69.3989071038251;20.5300546448087
123.040229885057;63.0574712643678;19.2931034482759
121.27027027027;56.1814671814672;22.7837837837838
120.121827411168;42.7360406091371;23.4365482233503
126.703703703704;51.010582010582;26.7566137566138
129.233576642336;61.2773722627737;26.0656934306569
132.243902439024;68.4512195121951;21.6585365853659
133.825581395349;67.1860465116279;29.0697674418605
135.613445378151;63.1344537815126;37.1932773109244
141.921739130435;60.104347826087;31.7304347826087
140.982456140351;62.4970760233918;23.9649122807018
139.414634146341;57.3983739837398;28.5447154471545
134.596153846154;54.0641025641026;32.724358974359
132.926315789474;46.2631578947368;31.6315789473684
126.689024390244;39.7256097560976;30.4817073170732
118.823076923077;32.4307692307692;44281,00
143.395833333333;46.171875;32.2552083333333
149.556179775281;56.9943820224719;28.1910112359551
154.451776649746;57.2131979695431;28.6548223350254
150.663716814159;47.212389380531;32.858407079646
115.621052631579;27.4736842105263;39.6631578947368
115.246753246753;26.7922077922078;33.1948051948052
113.792899408284;31.2899408284024;37.3136094674556
114.4;37.9454545454545;33,00
119.421568627451;40.7696078431373;39.4509803921569
115.744827586207;48.1241379310345;32.9655172413793
113.507462686567;44.7985074626866;25.8955223880597
115.849710982659;41.4219653179191;26.0404624277457
114.55421686747;52.3614457831325;21.6987951807229
114.232432432432;59.3243243243243;26.4918918918919
113.605042016807;59.8739495798319;21,00
114.077777777778;68.3888888888889;20.25
149.285714285714;63.9081632653061;34.6989795918367
153.574257425743;57.9356435643564;35.7623762376238
152.876595744681;61.0212765957447;45.9872340425532
154.795454545455;67.5738636363636;38.2954545454545
141.720930232558;63.5193798449612;42.8837209302326
141.08875739645;69.2485207100592;46.189349112426
156.11;70.275;42.285
140.584905660377;82.3710691823899;46.3270440251572
147.264516129032;75.2193548387097;46.7935483870968
152.813953488372;68.2868217054264;53.1937984496124
147.798353909465;72.3333333333333;60.6707818930041
149.083798882682;82.9217877094972;65.463687150838
148.919831223629;82.4767932489451;59.8354430379747
154.395721925134;76.9304812834225;52.8395721925134
149.322429906542;85.6542056074766;50.1401869158879
154.013888888889;79.6388888888889;41.1041666666667
148.598684210526;82.3157894736842;39.6578947368421
141.382575757576;68.1287878787879;68.6856060606061
133.419117647059;64.5073529411765;73.5220588235294
126.088709677419;67.0403225806452;72.0483870967742
127.939814814815;62.2777777777778;63.9305555555556
128.983193277311;52.0378151260504;57.3109243697479
142.382113821138;56.6056910569106;58.6910569105691
138.640264026403;53.7425742574257;64.0792079207921
138.628571428571;60.125;68.2571428571429
140.987012987013;69.5922077922078;61.1506493506494
146.869281045752;58.7450980392157;51.8366013071895
145.047794117647;52.2389705882353;51.9705882352941
135.747899159664;46.7983193277311;56.2563025210084
125.770642201835;52.0183486238532;66.2018348623853
126.544303797468;42.5063291139241;66.253164556962
125.316455696203;36.1856540084388;58.5147679324894
133.593607305936;39.0958904109589;49.3926940639269
137.139534883721;42.0813953488372;52.1589147286822
143.329230769231;47.9323076923077;43.1292307692308
149.777227722772;51.450495049505;42.1683168316832
143.633187772926;38.2227074235808;37.7903930131004
133.843416370107;40.2775800711744;41.7722419928826
127.868181818182;31.4863636363636;52.3227272727273
127.984210526316;34.8684210526316;37.4789473684211
135.771604938272;32.8827160493827;34.6049382716049
124.63503649635;29.2481751824818;31.8832116788321
125.245033112583;28.6688741721854;39.4701986754967
119.595238095238;28.152380952381;46.2238095238095
118.012987012987;38.2727272727273;47.5519480519481
121.313131313131;28.1818181818182;50.3333333333333
120.245810055866;35.9441340782123;59.7988826815642
114.409090909091;34.0454545454545;57.9220779220779
114.78125;41.5625;57.078125
119.877192982456;49.1461988304094;54.6549707602339
115.289340101523;58.1472081218274;58.5177664974619
115.835227272727;51.5056818181818;65.6875
114.280821917808;40.4178082191781;67.2876712328767
120.463157894737;45.1315789473684;69.3315789473684
116.161904761905;47.2380952380952;75.4571428571429
114.128342245989;59.0427807486631;69.5775401069519
116,00;68.3157894736842;59.3947368421053
114.014084507042;69.9906103286385;68.7511737089202
113.159420289855;62.0579710144928;81.6811594202899
117.537974683544;54.3987341772152;78.4113924050633
123.259493670886;58.0822784810127;78.4177215189873
121.172131147541;61.8114754098361;72.8934426229508
120.900763358779;72.4274809160305;73.412213740458
115.788461538462;67.9230769230769;81.8653846153846
112.87074829932;70.4761904761905;84.0340136054422
114.34703196347;78.6712328767123;73.675799086758
115.888324873096;81.3756345177665;64.6548223350254
119.628415300546;103.24043715847;69.8524590163934
115.572033898305;93.1059322033898;70.406779661017
114.950354609929;86.9858156028369;78.113475177305
113.661417322835;78.9291338582677;85.9685039370079
118.114285714286;27638,00;84.2571428571429
120.305882352941;79.0117647058824;79.7058823529412
123.702564102564;87.5641025641026;75.7641025641026
123.866197183099;91.1056338028169;83.5985915492958
118.895161290323;84.491935483871;88.5322580645161
115.343137254902;32994,00;87.3529411764706
116.360465116279;97.3197674418605;82.3720930232558
114.118556701031;105.639175257732;75.1907216494845
115.403846153846;104.903846153846;86.375
114.673611111111;97.6944444444444;89.5902777777778
124.923611111111;98.1875;86.3333333333333
125.820143884892;102.597122302158;76.5755395683453
125.703947368421;107.980263157895;81.3486842105263
122.612903225806;113.090322580645;31444,00
123.672131147541;103.508196721311;92.2295081967213
119.730538922156;111.047904191617;89.4550898203593
115.458333333333;112.505952380952;79.9821428571429
126.610738255034;72.6778523489933;75.4630872483222
132.459119496855;74.496855345912;79.1446540880503
135.557312252964;74.6600790513834;68.4268774703557
138.210084033613;85.9915966386555;61.4957983193277
139.71270718232;96.5469613259668;65.6850828729282
138.537735849057;88.6933962264151;69.4952830188679
142.265306122449;85.1265306122449;75.8408163265306
132.719512195122;84.2621951219512;81.9451219512195
132.190954773869;93.643216080402;75.3065326633166
137.130718954248;98.9869281045752;84.4705882352941
140.276699029126;93.8252427184466;82.004854368932
138.6;102.192592592593;77.5777777777778
134.051724137931;104.01724137931;70.301724137931
114.276595744681;133.978723404255;82.6382978723404
116.462068965517;128.420689655172;91.7586206896552
119.861538461538;122.853846153846;88.1769230769231
124.745901639344;128.803278688525;88.9590163934426
121.354545454545;132.690909090909;79.1636363636364
127.326315789474;128.663157894737;77.1052631578947
132.137614678899;121.660550458716;81.4403669724771
130.047244094488;120.433070866142;87.9448818897638
124.895161290323;119.766129032258;80.8145161290323
130.028368794326;114.248226950355;72.5460992907801
135.356060606061;113.348484848485;82.5075757575758
139.518518518519;116.611111111111;82.1666666666667
135.25;122.257142857143;72.1142857142857
137.85593220339;116.898305084746;71.4322033898305
143.484126984127;110.738095238095;79.4603174603175
139.214285714286;108.564285714286;70.25
148.252941176471;101.347058823529;70.6176470588235
150.144;109.416;73.344
142.530612244898;113.34693877551;68.5510204081633
141.262195121951;113.536585365854;60.1829268292683
148.367647058824;108.301470588235;62.6323529411765
155.508403361345;102.310924369748;68.8319327731092
150.40306122449;95.5612244897959;69.2755102040816
157.404958677686;104.256198347107;59.900826446281
158.181818181818;101.191919191919;48.7272727272727
161.877094972067;99.3463687150838;54.7262569832402
152.294416243655;99.8172588832487;57.5989847715736
148.108597285068;94.7058823529412;55.3755656108597
156.5140562249;89.4939759036145;55.2971887550201
162.333333333333;90.369696969697;46.2969696969697
160.053380782918;91.7686832740214;41.3202846975089
155.389121338912;87.4267782426778;45.1213389121339
152.785714285714;90.2380952380952;34.2460317460317
150.724719101124;98.8483146067416;37.8483146067416
145.851612903226;93.1290322580645;42.9483870967742
112.778325123153;120.911330049261;85.2709359605911
114.159090909091;128.5;82.8106060606061
112.1640625;140.890625;79.9765625
118.042105263158;142.621052631579;83.978947368421
120.724637681159;139.094202898551;73.3188405797101
113.933962264151;134.971698113208;73.3584905660377
115.564516129032;130.298387096774;69.5241935483871
113.037837837838;121.610810810811;74.1891891891892
119.475247524752;116.960396039604;66.5148514851485
120.81679389313;125.824427480916;64.3969465648855
124.463636363636;132.827272727273;62.9818181818182
113.362637362637;64.1208791208791;31.6813186813187
113.359281437126;53.7544910179641;35.7245508982036
114.557213930348;45.7064676616915;42.5174129353234
112.549180327869;56.9672131147541;45.4262295081967
114.694117647059;52.8764705882353;51.6411764705882
113.611111111111;66.037037037037;52.2314814814815
111.561403508772;76.3684210526316;53.0701754385965
114.52;76.744;57.792
112.154545454545;86.0818181818182;55.8727272727273
114.274509803922;91.8366013071895;60.1830065359477
112.086092715232;101.298013245033;58.9072847682119
113.472527472527;104.593406593407;65.543956043956
111.971631205674;110.340425531915;58.1205673758865
112.866071428571;116.196428571429;52,00
113.525925925926;119.577777777778;60.5777777777778
118.915584415584;116.292207792208;59.1298701298701
120.007462686567;131.089552238806;58.410447761194
112.745098039216;129.230392156863;59.1225490196078
113.203389830508;123.559322033898;50.0677966101695
113.367346938776;129.357142857143;48.3163265306122
113.438095238095;136.019047619048;48.4095238095238
116.937984496124;138.426356589147;52.4496124031008
112.503937007874;143.787401574803;49.6141732283465
113.35;141.716666666667;41.475
116.256544502618;141.79057591623;29.1465968586387
118.594339622642;134.660377358491;21.7547169811321
116.424050632911;138.183544303797;89.5063291139241
123.006896551724;141.337931034483;84.5034482758621
127.19298245614;137.728070175439;86.859649122807
124.11320754717;136.009433962264;82.0943396226415
132.81914893617;131.86170212766;77.7127659574468
135.527777777778;135.875;84.4305555555556
134.61780104712;134.48167539267;74.6858638743455
142.965986394558;130.639455782313;79.9863945578231
141.406451612903;124.335483870968;82.9612903225807
137.349056603774;126.301886792453;73.2830188679245
148.007299270073;120.124087591241;76.8175182481752
148.72641509434;126.047169811321;73.9056603773585
142.234042553192;128.925531914894;70.0851063829787
145.983870967742;125.379032258065;62.9677419354839
155.873873873874;121.189189189189;66.009009009009
153.738095238095;123.238095238095;71.0714285714286
144.992537313433;121.089552238806;67.3582089552239
146.720430107527;113.47311827957;57.8064516129032
150.234042553192;117.31914893617;63.4468085106383
158.543209876543;112.253086419753;63.4197530864198
149.873096446701;118.619289340102;59.5837563451777
159.202898550725;112.355072463768;52.7246376811594
165.410714285714;109.526785714286;53,00
156.78021978022;110.153846153846;56.0549450549451
159.314960629921;105.771653543307;47.6220472440945
166.955223880597;106.194029850746;44.8134328358209
161.333333333333;110.210526315789;40.0292397660819
165.83660130719;102.320261437908;37.5098039215686
156.432258064516;103.303225806452;39.658064516129
153.048;109.936;38.912
146.37012987013;108.337662337662;43.6883116883117
144.716814159292;121.044247787611;42.3628318584071
152.0390625;118.8515625;42.046875
158.709844559585;116.880829015544;43.1502590673575
161.992481203008;123.330827067669;50.2330827067669
156.735042735043;125.65811965812;44.6666666666667
145.3203125;128.734375;43.5703125
152.353982300885;132.495575221239;48.3008849557522
159.181034482759;133.758620689655;45.6120689655172
158.8;129.608333333333;54.6416666666667
160.49375;125.3;59.525
153.784482758621;118.185344827586;51.0818965517241
150.401673640167;128.163179916318;56.2761506276151
140.662068965517;129.862068965517;59.0275862068966
142.640692640693;138.69696969697;54.5064935064935
150.5625;141.066964285714;62.8794642857143
156.546961325967;135.14364640884;63.5027624309392
160.593582887701;137.978609625668;56.572192513369
161.969465648855;138.69465648855;46.969465648855
157.608391608392;137.975524475524;37.027972027972
153.401408450704;138.429577464789;52.3380281690141
151.698412698413;145.137566137566;57.4391534391534
127.114583333333;146.458333333333;80.5729166666667
135.602040816327;139.994897959184;70.7857142857143
144.480176211454;139.422907488987;70.0616740088106
138.004739336493;137.867298578199;61.8672985781991
135.37323943662;145.915492957746;56.6478873239437
133.372670807453;151.739130434783;63.9192546583851
141.233050847458;147.483050847458;70.8093220338983
138.882978723404;148.207446808511;77.25
131.502538071066;151.725888324873;71.9746192893401
124.655339805825;153.839805825243;80.7038834951456
125.08;161.708571428571;73.3885714285714
135.987096774194;161.18064516129;70.0258064516129
130.117283950617;162.141975308642;67.5555555555556
132.242524916944;154.189368770764;55.8803986710963
129.188235294118;156.688235294118;52.7823529411765
122.380597014925;163.477611940299;67.8582089552239
117.932835820896;164.507462686567;75.3731343283582
117.35632183908;171.718390804598;66.8275862068966
125.892018779343;169.49765258216;61.6807511737089
129.296703296703;162.89010989011;50.7802197802198
129.053191489362;166.393617021277;44.0957446808511
128.211538461538;170.480769230769;50.9326923076923
126.883248730964;173.350253807107;57.0152284263959
118.648351648352;175.725274725275;53.3461538461538
121.05223880597;178.216417910448;46.365671641791
123.973154362416;173.442953020134;36.1006711409396
117.54609929078;179.468085106383;36.4964539007092
114.096234309623;183.443514644351;33.4769874476987
112.834319526627;179.059171597633;48.5621301775148
128.963302752294;181.06880733945;35.0275229357798
130.335820895522;173.358208955224;39.544776119403
130.530927835052;180.180412371134;41.8969072164948
136.893536121673;170.756653992395;35.9809885931559
140.962962962963;170.734567901235;43.4567901234568
136.01;175.665;50.745
136.127118644068;166.008474576271;47.3474576271186
140.875816993464;170.490196078431;55.3856209150327
147.686468646865;160.171617161716;47.4818481848185
149.887272727273;160.443636363636;40.6509090909091
149.533333333333;154.966666666667;37.8333333333333
145.72987012987;159.794805194805;34.4571428571429
148.958456973294;153.032640949555;28.9317507418398
147.606299212598;148.141732283465;34.6692913385827
150.542600896861;143.789237668161;38.8116591928251
151.706730769231;145.567307692308;44.6538461538462
156.254054054054;146.454054054054;49.0756756756757
155.20652173913;152.5;52.463768115942
149.063768115942;156.257971014493;59.5710144927536
146,00;162.113333333333;54.0466666666667
139.558490566038;159.494339622642;51.4943396226415
141.31884057971;153.067632850242;58.1884057971015
118.789473684211;151.768421052632;83.5894736842105
115.31746031746;151.703703703704;75.4497354497355
122.968;146.856;79.336
119.637795275591;144.952755905512;70.259842519685
117.365296803653;139.844748858448;61.9954337899543
114.5670995671;146.329004329004;66.95670995671
119.32;153.645;66.305
114.057142857143;159.771428571429;63.5428571428571
114.803738317757;150.710280373832;56.9392523364486
120.884353741497;142.578231292517;56.0612244897959
115.170731707317;151.731707317073;45.5121951219512
110.827956989247;162.021505376344;51.3763440860215
114.618181818182;162.790909090909;56.1727272727273
113.362416107383;167.154362416107;65.503355704698
119.625514403292;163.148148148148;52.1234567901235
124.766355140187;156.341121495327;41.5841121495327
120.583756345178;151.883248730964;40.253807106599
112.882978723404;160.11170212766;40.9042553191489
112.34965034965;148.93006993007;37.8951048951049
118.139393939394;147.787878787879;32.8424242424242
126.329218106996;150.604938271605;28.0658436213992
122.8;165.93;39.78
112.38785046729;173.53738317757;43.1121495327103
116.406698564593;169.703349282297;36.6985645933014
120.243781094527;159.477611940299;31.6865671641791
110.587234042553;167.046808510638;28.1234042553191
110.918032786885;175.700819672131;28.6885245901639
112.142857142857;181.392857142857;23.8154761904762
114.530612244898;185.90306122449;19.2908163265306
116.404761904762;182.880952380952;17.1190476190476
120.085889570552;176.846625766871;11.558282208589
117.5;173.204761904762;15.1619047619048
114.445833333333;172.479166666667;22.4125
119.309278350515;166.453608247423;21.6494845360825
115.608695652174;160.515527950311;28.2981366459627
125.702127659574;158.113475177305;23.7801418439716
115.524752475248;187.049504950495;13.019801980198
121.975;187.814285714286;27.0571428571429
122.179347826087;188,00;11.2010869565217
119.954198473282;183.87786259542;6.87022900763359
129.089947089947;185.10582010582;12.8306878306878
128.525821596244;184.638497652582;25.7042253521127
129.319727891156;180.455782312925;27.047619047619
131.549295774648;180.12676056338;10.3004694835681
126.421428571429;180.414285714286;4.41428571428571
119.00826446281;179.685950413223;3.40495867768595
126,00;175.633802816901;4.05633802816901
138.290909090909;174.781818181818;1.52727272727273
136.82304526749;176.851851851852;7.39094650205761
134.293838862559;176.075829383886;19.9478672985782
136.633986928105;177.627450980392;27.0130718954248
144.564245810056;170.826815642458;32.0055865921788
147.478632478632;165.965811965812;26.6666666666667
145.359154929577;163.380281690141;44338,00
137.969512195122;166.862804878049;21.3506097560976
143.508670520231;176.835260115607;22.514450867052
144.463963963964;169.252252252252;12.0720720720721
143.70625;171.90625;5.40625
132.691275167785;168.463087248322;3.26845637583893
126.298578199052;162.227488151659;6.82464454976303
122.630901287554;170.545064377682;5.76394849785408
113.791666666667;174.190476190476;4.29166666666667
112.919463087248;167.523489932886;8.40268456375839
109.787234042553;166.106382978723;16.5106382978723
115.40251572327;165.308176100629;15.9622641509434
119.395238095238;160.62380952381;44534,00
122.107692307692;154.953846153846;11.2102564102564
125.897233201581;151.399209486166;13.197628458498
117.1625;148.1625;20.20625
112.813131313131;157.646464646465;23.2222222222222
119.622448979592;153.295918367347;21.1020408163265
127.245762711864;148.78813559322;20.6186440677966
124.640522875817;138.869281045752;19.4901960784314
118.993548387097;139.664516129032;17.0451612903226
123.55462184874;135.546218487395;15.0084033613445
130.058823529412;142.735294117647;15.7235294117647
134.281690140845;145.30985915493;7.06338028169014
135.728571428571;152.928571428571;5.72857142857143
133.802469135802;164.432098765432;10.283950617284
141.95652173913;162.236024844721;5.73913043478261
139.678571428571;156.15306122449;11.219387755102
143.748251748252;151.888111888112;3.44755244755245
141.901060070671;145.028268551237;9.42049469964664
132.992481203008;138.842105263158;8.15037593984962
132.213483146067;133.662921348315;11.2022471910112
135.536585365854;132,00;7.08536585365854
142.645038167939;134.320610687023;5.14503816793893
140.825136612022;125.387978142077;2.84699453551913
137.861313868613;122.985401459854;6.91240875912409
142.173913043478;116.005434782609;3.14130434782609
143.457142857143;106.571428571429;44232,00
141.352941176471;99.0294117647059;2.76470588235294
139.867924528302;92.7547169811321;2,00
139.7;29952,00;44200,00
128.036585365854;108.426829268293;2.73170731707317
135.797101449275;109.586956521739;4.81884057971014
126.129032258065;117.798387096774;7.85483870967742
132.666666666667;120.583333333333;8.86904761904762
128.75;127.6;13.7375
121.817391304348;128.460869565217;13.9652173913043
132.696428571429;99.4642857142857;1.55357142857143
128.697142857143;94.4285714285714;3.35428571428571
135.461538461538;86.3076923076923;3.33846153846154
138.791208791209;71.1758241758242;2.76923076923077
135.675675675676;74.9594594594595;2.87837837837838
137.798449612403;73.8682170542636;7.21705426356589
-3,00;;
-3,00;;
148.25;93.75;1.80555555555556
-3,00;;
148.208333333333;101.958333333333;2.125
149.918604651163;108.802325581395;4.58139534883721
155.975609756098;102.609756097561;2.29268292682927
157.139072847682;112.026490066225;3.02649006622517
153.790794979079;121.016736401674;5.33891213389121
155.819327731092;118.235294117647;9.27310924369748
157.132575757576;128.950757575758;5.06060606060606
148.707692307692;133.138461538462;7.34358974358974
155.347826086957;140.25652173913;6.88695652173913
152.756172839506;152.907407407407;11.1203703703704
146.27135678392;142.1608040201;14.1356783919598
144.257831325301;156.424096385542;17.6240963855422
149.615894039735;154.384105960265;22.0331125827815
159.252032520325;147.414634146341;24.4308943089431
155.413793103448;156.488505747126;20.948275862069
160.747967479675;147.654471544715;17.9308943089431
163.284644194757;136.340823970037;14.1760299625468
154.536585365854;125.518292682927;19.0853658536585
161.655052264808;127.491289198606;14.8780487804878
163.734693877551;116.020408163265;13.2908163265306
151.865168539326;113.297752808989;14.2977528089888
158.026490066225;106.046357615894;12.5165562913907
161.693779904306;104.291866028708;10.4593301435407
159.718631178707;102.882129277567;4.44106463878327
160.814655172414;92.8663793103448;8.375
157.046511627907;88.9116279069767;6.45116279069767
153.775280898876;87.0337078651685;2.19101123595506
145.423728813559;76.1016949152542;1.92372881355932
162.673575129534;127.424870466321;26.9170984455959
154.146496815287;135.140127388535;26.2675159235669
152.992395437262;130.212927756654;24,00
157.169565217391;139.65652173913;17.8434782608696
149.359756097561;141.317073170732;26.859756097561
160.578512396694;140.673553719008;30.7479338842975
163.75138121547;131.92817679558;35.707182320442
157.459677419355;129.895161290323;36.6370967741936
165.935643564356;126.955445544554;30.3267326732673
156.65811965812;120.940170940171;32.4017094017094
146.120805369128;129.335570469799;36.6174496644295
145.963503649635;123.29197080292;30.7372262773723
153.284023668639;112.810650887574;25.2248520710059
162.416243654822;110.142131979695;23.9137055837563
164.407407407407;117.274074074074;31.2296296296296
156.292207792208;119.24025974026;25.9415584415584
149.027972027972;111.804195804196;18.2867132867133
156.026785714286;108.428571428571;19.6875
161.708571428571;100.72;23.2742857142857
161.324324324324;93.1891891891892;27.8558558558559
154.81512605042;96.4705882352941;24.7731092436975
147.204225352113;106.859154929577;20.9014084507042
148.772727272727;94.4469696969697;17.2651515151515
157.292682926829;85.0569105691057;25.1544715447154
159.587837837838;88.1486486486486;22.8581081081081
153.373873873874;96.9009009009009;15.7837837837838
151.89552238806;85.7960199004975;11.5671641791045
155.366812227074;78.292576419214;18.4934497816594
148.805405405405;84.9945945945946;15.4054054054054
150.732394366197;77.0633802816901;10.6760563380282
146.488687782805;70.3031674208145;9.94117647058824
145.28025477707;77.9235668789809;12.343949044586
154.208333333333;104.333333333333;27.6833333333333
149.045454545455;111.818181818182;29.5909090909091
144.481818181818;114.154545454545;28.7909090909091
140.929203539823;120.946902654867;33.4955752212389
136.539682539683;121.793650793651;40,00
138.371212121212;111.863636363636;41.719696969697
137.041095890411;115.554794520548;31.2123287671233
140.58064516129;111.064516129032;23.9193548387097
141.184466019417;105.699029126214;33.1747572815534
138.251748251748;104.482517482517;41.6223776223776
139.478260869565;35643,00;44.3304347826087
141.841584158416;95.6435643564356;32.4257425742574
140.67816091954;100.011494252874;21.2758620689655
142.567010309278;90.8041237113402;18.4845360824742
140.901639344262;82.8688524590164;25.1967213114754
141.706806282723;86.0575916230366;32.7068062827225
136.850649350649;88.987012987013;15827,00
132.954128440367;77.6788990825688;44.7889908256881
136.456896551724;71.948275862069;38.5862068965517
138.73125;74.51875;33.23125
134.305555555556;75.712962962963;26.0462962962963
117.075879976919;112.989757645701;31.4705712637046
118.703625853915;85.9393063583815;40.9456121912769
131.109224348827;91.1944164628004;30.7680241761405
125.030392156863;96.1514705882353;28.293137254902
114.409523809524;80.6829931972789;26.6761904761905
130.966756513926;111.488769092543;12.8867924528302
128.414141414141;94.1979797979798;12.979797979798
107.132164531355;116.364935940661;8.68159136884693
